Area served,Airport name,Airport URL,IATA,ICAO,Airport type,Operational,Owned/operated by,lat,lon,infobox_owner,infobox_operator,infobox_location,stats_passengers,stats_aircraft_movements,stats_cargo_tonnage,error
Donakonda,Donakonda Airport,https://en.wikipedia.org/wiki/Donakonda_Airport,,VODK,Domestic,No,AAI,15.82444,79.48667,,Airports Authority of India,"Donakonda , Andhra Pradesh",,,,
Kadapa,Kadapa Airport,https://en.wikipedia.org/wiki/Kadapa_Airport,CDP,VOCP,Domestic,Yes,AAI,14.51,78.77278,Airports Authority of India,Airports Authority of India,"Kadapa, Andhra Pradesh , India","52,745","1,557",,
Kurnool,Uyyalawada Narasimha Reddy Airport,https://en.wikipedia.org/wiki/Kurnool_Airport,KJB,VOKU,Domestic,Yes,Government of Andhra Pradesh,15.70611,78.16083,Andhra Pradesh Airports Development Corporation Limited (APADCL),,"Orvakal , Kurnool district , Andhra Pradesh , India","39,746","1,311",,
Puttaparthi,Sri Sathya Sai Airport,https://en.wikipedia.org/wiki/Sri_Sathya_Sai_Airport,PUT,VOPN,State/Private,Yes,Sri Sathya Sai Central Trust,14.14917,77.79111,,,Puttaparthi,,,,
Rajahmundry,Rajahmundry Airport,https://en.wikipedia.org/wiki/Rajahmundry_Airport,RJA,VORY,Domestic,Yes,AAI,17.11028,81.81833,,Airports Authority of India,"Madhurapudi, Rajamahendravaram, Andhra Pradesh , India","489,114","8,441",25,
Tirupati,Tirupati Airport,https://en.wikipedia.org/wiki/Tirupati_Airport,TIR,VOTP,Domestic,Yes,AAI,13.63778,79.54722,,,"Renigunta , Tirupati district , Andhra Pradesh , India","995,640","12,043",134,
Vijayawada,Vijayawada International Airport,https://en.wikipedia.org/wiki/Vijayawada_Airport,VGA,VOBZ,International,Yes,AAI,16.52889,80.79583,Airports Authority of India,Airports Authority of India,"Gannavaram , Krishna district , Andhra Pradesh , India","1,388,943","18,558","1,413",
Visakhapatnam,Alluri Sitarama Raju International Airport,https://en.wikipedia.org/wiki/Alluri_Sitarama_Raju_International_Airport,VOX,VOVO,International,No,GMR Group,17.97611,83.50389,,,"Bhogapuram , Vizianagaram district , Andhra Pradesh , India",,,,
Visakhapatnam,Visakhapatnam International Airport,https://en.wikipedia.org/wiki/Visakhapatnam_International_Airport,VTZ,VOVZ,Customs,Yes,MoDandAAI,17.72111,83.22444,Indian Navy,Indian Navy Airports Authority of India,"Visakhapatnam, Andhra Pradesh , India","2,955,089","22,210","4,398",
Daporijo,Daporijo Airport,https://en.wikipedia.org/wiki/Daporijo_Airport,DEP,VEDZ,Domestic,No,AAI,27.98333,94.21667,,Indian Air Force,"Daporijo , Arunachal Pradesh , India",,,,
Itanagar,Donyi Polo Airport,https://en.wikipedia.org/wiki/Hollongi_Airport,HGI,VEHO,Domestic,Yes,AAI,26.97,93.66472,Airports Authority of India,,"Hollongi, Papum Pare district , Arunachal Pradesh , India","170,296","1,654",,
Pasighat,Pasighat Airport,https://en.wikipedia.org/wiki/Pasighat_Airport,IXT,VEPG,State/Private,Yes,Government of Arunachal Pradesh,28.068472,95.334528,,Airports Authority of India,"Pasighat, Arunachal Pradesh , India","8,211",412,,
Tezu,Tezu Airport,https://en.wikipedia.org/wiki/Tezu_Airport,TEI,VETJ,Domestic,Yes,AAI,27.9422,96.1339,,Airports Authority of India,"Tezu , Arunachal Pradesh , India","9,239",463,,
Ziro,Ziro Airport,https://en.wikipedia.org/wiki/Ziro_Airport,ZER,VEZO,State/Private,Yes,AAI,27.58833,93.82806,,Airports Authority of India,"Ziro, Arunachal Pradesh , India",299,122,,
Dhubri,Rupsi Airport,https://en.wikipedia.org/wiki/Rupsi_Airport,RUP,VERU,Domestic,Yes,AAI,26.14111,89.90667,Government of India,Airports Authority of India,"Rupsi, Kokrajhar district , Assam , India","7,122",164,,
Dibrugarh,Dibrugarh Airport,https://en.wikipedia.org/wiki/Dibrugarh_Airport,DIB,VEMN,Domestic,Yes,AAI,27.4836639,95.0168333,,Airports Authority of India,"Mohanbari, Dibrugarh, Assam , India","822,437","6,980",955,
Guwahati,Lokpriya Gopinath Bordoloi International Airport,https://en.wikipedia.org/wiki/Lokpriya_Gopinath_Bordoloi_International_Airport,GAU,VEGT,International,Yes,Adani Group,26.10611,91.58583,Airports Authority of India,Guwahati International Airport Limited,"Borjhar , Guwahati, Assam , India","6,160,157","45,984","26,606",
Jorhat,Jorhat Airport,https://en.wikipedia.org/wiki/Jorhat_Airport,JRH,VEJT,Domestic (CE),Yes,MoDandAAI,26.73167,94.17556,,,"Rowriah, Jorhat, Assam , India",,,,
North Lakhimpur,Lilabari Airport,https://en.wikipedia.org/wiki/Lilabari_Airport,IXI,VELR,Domestic,Yes,AAI,27.29556,94.09778,,Airports Authority of India,"Lilabari, North Lakhimpur, Assam , India","30,108",719,,
Silchar,Silchar Airport,https://en.wikipedia.org/wiki/Silchar_Airport,IXS,VEKU,Domestic (CE),Yes,MoDandAAI,24.91306,92.97861,Indian Air Force,"Indian Air Force, Airports Authority of India","Kumbhirgram, Silchar, Assam , India","483,464","3,854",651,
Tezpur,Tezpur Airport,https://en.wikipedia.org/wiki/Tezpur_Airport,TEZ,VETZ,Domestic (CE),Yes,MoDandAAI,26.71222,92.78722,Airports Authority of India,Indian Air Force,"Salonibari, Tezpur, Assam , India","27,944",639,16,
Darbhanga,Darbhanga Airport,https://en.wikipedia.org/wiki/Darbhanga_Airport,DBR,VEDH,Domestic (CE),Yes,MoDandAAI,26.19472,85.9175,Indian Air Force,Airports Authority of India,"Darbhanga, Bihar , India","523,173","3,669",416,
Gaya,Gaya Airport,https://en.wikipedia.org/wiki/Gaya_Airport,GAY,VEGY,Customs,Yes,AAI,24.74444,84.95111,,Airports Authority of India,"Gaya, Bihar , India","329,304","2,538",,
Purnia,Purnia Airport,https://en.wikipedia.org/wiki/Purnia_Airport,PXN,VEPU,Domestic (CE),Yes,MoDandAAI,25.75972,87.41,Indian Air Force,Airports Authority of India,"Purnia, Bihar , India",,,,
Muzaffarpur,Muzaffarpur Airport,https://en.wikipedia.org/wiki/Muzaffarpur_Airport,MZU,VEMZ,Domestic,No,Government of Bihar,26.0336395,85.1355189,Airports Authority of India,Airports Authority of India,"Patahi, Muzaffarpur , Bihar , India",,,,
Patna,Jay Prakash Narayan Airport,https://en.wikipedia.org/wiki/Jay_Prakash_Narayan_Airport,PAT,VEPT,Customs,Yes,AAI,25.59139,85.08917,Airports Authority of India,Airports Authority of India,"Patna, Bihar , India","3,819,477","25,992","9,135",
Raxaul,Raxaul Airport,https://en.wikipedia.org/wiki/Raxaul_Airport,,VERL,Domestic,No,Government of Bihar,26.99639,84.82056,,Airports Authority of India,"Raxaul , Bihar , India",,,,
Raipur,Swami Vivekananda Airport,https://en.wikipedia.org/wiki/Swami_Vivekananda_Airport,RPR,VERP,Domestic,Yes,AAI,21.18139,81.74056,Airports Authority of India,Airports Authority of India,"Mana, Raipur, Chhattisgarh , India","2,572,031","20,006","5,079",
Bilaspur,Bilasa Devi Kevat Airport,https://en.wikipedia.org/wiki/Bilasa_Devi_Kevat_Airport,PAB,VEBU,Domestic,Yes,Government of Chhattisgarh,21.98833,82.11111,,Government of Chhattisgarh,"Chakarbhata, Bilaspur, Chhattisgarh , India","31,083",830,,
Jagdalpur,Jagdalpur Airport,https://en.wikipedia.org/wiki/Jagdalpur_Airport,JGB,VEJR,State/Private,Yes,Government of Chhattisgarh,19.07444,82.03694,Government of Chhattisgarh,Government of Chhattisgarh,"Jagdalpur, Chhattisgarh , India","55,019","1,464",,
Ambikapur,Ambikapur Airport,https://en.wikipedia.org/wiki/Ambikapur_Airport,AHA,VEAP,Domestic,Yes,Government of Chhattisgarh,22.98725,83.196139,Government of Chhattisgarh,Airports Authority of India,"Darima, Ambikapur, Chhattisgarh , India",922,161,,
Raigarh,Raigarh Airport,https://en.wikipedia.org/wiki/Raigarh_Airport,,VERH,State/Private,No,JSPL,21.82389,83.36028,,AAI,"Kondatarai, Chhattisgarh , India",,,,
Korba,Korba Airport,https://en.wikipedia.org/wiki/Korba_Airport,,IN-0026,State/Private,Yes,Government of ChhattisgarhandBharat Aluminium Company,22.41306,82.71944,Government of Chhattisgarh,Bharat Aluminium Company Limited (BALCO),"Rumgara, Korba, Chhattisgarh , India",,,,
Dabolim,Dabolim Airport,https://en.wikipedia.org/wiki/Dabolim_Airport,GOI,VOGO,International (CE),Yes,MoDandAAI,15.38083,73.83139,Government of Goa Indian Navy,Airports Authority of India,"Dabolim , Panaji , Goa, India","7,260,779","44,966","5,460",
Mopa,Manohar International Airport,https://en.wikipedia.org/wiki/Manohar_International_Airport,GOX,VOGA,International,Yes,GMR Group,15.7322,73.868,,,"Mopa , Goa, India","4,643,852","31,500","3,389",
Ahmedabad,Sardar Vallabhbhai Patel International Airport,https://en.wikipedia.org/wiki/Sardar_Vallabhbhai_Patel_International_Airport,AMD,VAAH,International,Yes,Adani Group,23.07722,72.63472,Airports Authority of India,Ahmedabad International Airport Limited,"Hansol, Ahmedabad, Gujarat , India","13,427,697","101,119","103,050",
Amreli,Amreli Airport,https://en.wikipedia.org/wiki/Amreli_Airport,,,Domestic,No,Government of Gujarat,21.62194,71.22694,,,"Amreli, India",,,,
Bhavnagar,Bhavnagar Airport,https://en.wikipedia.org/wiki/Bhavnagar_Airport,BHU,VABV,Domestic,Yes,AAI,21.75222,72.18528,,Airports Authority of India,"Shubhashnagar, Bhavnagar, Gujarat , India","74,503","1,995",,
Bhuj,Bhuj Airport,https://en.wikipedia.org/wiki/Bhuj_Airport,BHJ,VABJ,Domestic (CE),Yes,MoDandAAI,23.28778,69.67028,,Indian Air Force Airports Authority of India,"Bhuj, Kutch district , Gujarat , India","186,403","2,166",5,
Deesa,Deesa Airport,https://en.wikipedia.org/wiki/Deesa_Airport,,VADS,Domestic,No,AAI,24.2679361,72.2044333,,Airports Authority of India,"Deesa, India",,,,
Dholera,Dholera International Airport,https://en.wikipedia.org/wiki/Dholera_International_Airport,,,International,No,AAI,22.58944,72.46833,Airports Authority of India,Dholera International Airport Company Limited (DIACL),"Dholera , Ahmedabad district , Gujarat , India",,,,
Jamnagar,Jamnagar Airport,https://en.wikipedia.org/wiki/Jamnagar_Airport,JGA,VAJM,Domestic (CE),Yes,MoDandAAI,22.46556,70.0125,Indian Air Force,Airports Authority of India,"Jamnagar, Gujarat , India","169,099","3,206",226,
Junagadh,Keshod Airport,https://en.wikipedia.org/wiki/Keshod_Airport,IXK,VAKS,Domestic,Yes,AAI,21.31694,70.27028,,Airports Authority of India,"Keshod, Gujarat , India","19,322",532,,
Kandla,Kandla Airport,https://en.wikipedia.org/wiki/Kandla_Airport,IXY,VAKE,Domestic,Yes,AAI,23.11278,70.10028,,Airports Authority of India,"Anjar, Gandhidham, Gujarat , India","48,408",822,,
Mundra,Mundra Airport,https://en.wikipedia.org/wiki/Mundra_Airport,,VAMA,State/Private,Yes,Adani Group,22.83417,69.76444,,,"Mundra , Gujarat , India",,,,
Dwarka,Mithapur Airstrip,https://en.wikipedia.org/w/index.php?title=Mithapur_Airstrip&action=edit&redlink=1,,IN-0106,State/Private,Yes,Tata Chemicals,,,,,,,,,404 Client Error: Not Found for url: https://en.wikipedia.org/wiki/Mithapur_Airstrip
Porbandar,Porbandar Airport,https://en.wikipedia.org/wiki/Porbandar_Airport,PBD,VAPR,Domestic,Yes,AAI,21.64861,69.65722,,Airports Authority of India,"Porbandar, Gujarat , India",694,133,,
Rajkot,Rajkot International Airport,https://en.wikipedia.org/wiki/Rajkot_International_Airport,HSR,VAHS,International,Yes,AAI,22.38806,71.02833,Airports Authority of India,,"Hirasar, Rajkot district , Gujarat , India","1,088,570","8,294",608,
Rajkot,Rajkot Airport,https://en.wikipedia.org/wiki/Rajkot_Airport,RAJ,VARK,Domestic,Yes,AAI,22.30917,70.77944,,Airports Authority of India,"Rajkot , Gujarat , India",,,,
Surat,Surat International Airport[8],https://en.wikipedia.org/wiki/Surat_Airport,STV,VASU,International,Yes,AAI,21.1176583,72.7452583,,,"Magdalla, Surat, Gujarat , India","1,724,821","16,631","6,885",
Vadodara,Vadodara Airport,https://en.wikipedia.org/wiki/Vadodara_Airport,BDQ,VABO,Customs,Yes,AAI,22.32944,73.21944,,,"Harni, Vadodara, Gujarat , India","1,264,148","8,615","1,832",
Ambala,Ambala Airport,https://en.wikipedia.org/wiki/Ambala_Air_Force_Station,,VIAM,Domestic (CE),No,MoDandAAI,,,,,,,,,no airport infobox
Bhiwani,Bhiwani Aerodrome,https://en.wikipedia.org/wiki/Bhiwani_Airport,,VIBW,State/Private,No,"Civil Aviation Department, Haryana",28.83389,76.17861,"Civil Aviation Department, Haryana",,"Bhiwani , Haryana",,,,
Hisar,Maharaja Agrasen International Airport,https://en.wikipedia.org/wiki/Hisar_Airport,HSS,VIHR,International,Yes,"Civil Aviation Department, HaryanaandHaryana Institute of Civil Aviation",29.17917,75.75528,"Civil Aviation Department, Haryana",Haryana Institute of Civil Aviation,"Hisar , Haryana , India",,,,
Karnal,Karnal Aerodrome,https://en.wikipedia.org/wiki/Karnal_Aerodrome,,VI40,State/Private,No,"Civil Aviation Department, HaryanaandHaryana Institute of Civil Aviation",29.71417,77.0375,"Civil Aviation Department, Haryana",Haryana Institute of Civil Aviation,"Karnal , Haryana",,,,
Narnaul,Narnaul Airport,https://en.wikipedia.org/wiki/Narnaul_Airport,,VINL,State/Private,No,"Civil Aviation Department, HaryanaandAAI",28.075,76.20111,"Civil Aviation Department, Haryana",Airport Authority of India,"Bachhod village, Narnaul",,,,
Pinjore,Pinjore Aerodrome,https://en.wikipedia.org/wiki/Pinjore_Aerodrome,,VI71,State/Private,No,"Civil Aviation Department, HaryanaandHaryana Institute of Civil Aviation",30.82111,76.89167,"Civil Aviation Department, Haryana",Haryana Institute of Civil Aviation,"Pinjore , Panchkula district",,,,
Kangra,Kangra Airport,https://en.wikipedia.org/wiki/Kangra_Airport,DHM,VIGG,Domestic,Yes,AAI,32.165,76.26333,,,"Kangra , Himachal Pradesh , India","209,834",,,
Kullu-Manali,Kullu–Manali Airport,https://en.wikipedia.org/wiki/Kullu%E2%80%93Manali_Airport,KUU,VIBR,Domestic,Yes,AAI,31.87667,77.15444,Government of India,Airports Authority of India,"Bhuntar , Kullu, Himachal Pradesh , India","29,649","1,142",,
Shimla,Shimla Airport,https://en.wikipedia.org/wiki/Shimla_Airport,SLV,VISM,Domestic,Yes,AAI,31.08167,77.06806,Government of India,Airports Authority of India,"Jubbarhatti, Shimla, Himachal Pradesh , India",,,,
Bokaro,Bokaro Airport,https://en.wikipedia.org/wiki/Bokaro_Airport,,VEBK,Domestic,No,Steel Authority of India,23.64333,86.14889,Steel Authority of India Limited,Airports Authority of India,"Bokaro , Jharkhand , India",,,,
Deoghar,Deoghar Airport,https://en.wikipedia.org/wiki/Deoghar_Airport,DGH,VEDO,Domestic,Yes,Deoghar Airport Ltd (JV betweenAAI&Govt of Jharkhand),24.44472,86.7025,Deoghar Airport Limited Airports Authority of India (51%) Government of Jharkhand (49%),Airports Authority of India,"Deoghar, Jharkhand , India","281,442","2,999",,
Dhanbad,Dhanbad Airport,https://en.wikipedia.org/wiki/Dhanbad_Airport,DBD,VEDB,Domestic,No,AAI,23.83389,86.42528,Airports Authority of India,,"Barwaada , Jharkhand",,,,
Dumka,Dumka Airport,https://en.wikipedia.org/wiki/Dumka_Airport,,VEDK,State/Private,No,Government of Jharkhand,24.23175,87.267833,Government of Jharkhand,Airports Authority of India,Dumka,,,,
Jamshedpur,Chakulia Airport,https://en.wikipedia.org/wiki/Chakulia_Airport,,VECK,Domestic,No,AAI,22.4668028,86.7107,Airports Authority of India (AAI),,"Chakulia, Jharkhand",,,,
Jamshedpur,Sonari Airport,https://en.wikipedia.org/wiki/Sonari_Airport,IXW,VEJS,Domestic,Yes,Tata Steel,22.81361,86.16806,Tata Steel,Airports Authority of India,"Sonari, Jamshedpur, Jharkhand , India","9,939","2,153",,
Jamshedpur,Dhalbhumgarh Airport,https://en.wikipedia.org/wiki/Dhalbhumgarh_Airport,,,Domestic,No,Dhalbhumgarh Airport Ltd (JV betweenAAI&Govt of Jharkhand),22.52361,86.56222,Dhalbhumgarh Airport Limited (DAL) Airports Authority of India (51%) Government of Jharkhand (49%),Airports Authority of India,"Dhalbhumgarh , East Singhbhum district , Jharkhand",,,,
Ranchi,Birsa Munda Airport,https://en.wikipedia.org/wiki/Birsa_Munda_Airport,IXR,VERC,Domestic,Yes,AAI,23.31417,85.32167,,Airports Authority of India,"Hinoo, Ranchi, Jharkhand , India","2,569,371","19,314","6,662",
Belagavi,Belagavi Airport,https://en.wikipedia.org/wiki/Belgaum_Airport,IXG,VOBM,Domestic,Yes,AAI,15.85917,74.6175,,Airports Authority of India,"Sambra , Belgaum, Karnataka , India","429,755","6,789",30,
Ballari,Jindal Vijaynagar Airport,https://en.wikipedia.org/wiki/Jindal_Vijaynagar_Airport,VDY,VOJV,State/Private,Yes,JSPL,15.175,76.6341,,,"Toranagallu , Karnataka , India","43,140","1,228",,
Bengaluru,HAL Airport,https://en.wikipedia.org/wiki/HAL_Airport,,VOBG,State/Private,No,HAL,12.95,77.66833,,,"Bengaluru , Karnataka , India",,,,
Bengaluru,Jakkur Aerodrome,https://en.wikipedia.org/wiki/Jakkur_Aerodrome,,VOJK,State/Private,No,Government of Karnataka,13.07694,77.5975,Government of Karnataka,,"Jakkur , Bangalore , Karnataka , India",,,,
Bengaluru,Kempegowda International Airport,https://en.wikipedia.org/wiki/Kempegowda_International_Airport,BLR,VOBL,International,Yes,BIAL,13.19889,77.70556,,,"Devanahalli , Bengaluru Rural district , Karnataka , India","41,875,620","264,553","502,509",
Bidar,Bidar Airport,https://en.wikipedia.org/wiki/Bidar_Airport,IXX,VOBR,Domestic (CE),Yes,MoD&GMR Group,17.9,77.47,,,"Chidri, Bidar, Karnataka , India","16,507",470,,
Hubli,Hubli Airport,https://en.wikipedia.org/wiki/Hubli_Airport,HBX,VOHB,Domestic,Yes,AAI,15.36167,75.08472,,Airports Authority of India,"Gandhi Nagar, Hubballi, Karnataka , India","346,405","4,334",284,
Kalaburagi,Kalaburagi Airport,https://en.wikipedia.org/wiki/Kalaburagi_Airport,GBI,VOGB,Domestic,Yes,AAI,17.30778,76.95806,Airports Authority of India,Airports Authority of India,"Srinivas Saradagi, Kalaburagi district , Karnataka , India","30,924",851,,
Koppal,Baldota Airport,https://en.wikipedia.org/w/index.php?title=Baldota_Airport&action=edit&redlink=1,OYR,VOKP,State/Private,Yes,MSPL,,,,,,,,,404 Client Error: Not Found for url: https://en.wikipedia.org/wiki/Baldota_Airport
Mangaluru,Mangaluru International Airport,https://en.wikipedia.org/wiki/Mangaluru_International_Airport,IXE,VOML,International,Yes,AAI&Adani Group,12.96139,74.89,Airports Authority of India,Mangaluru International Airport Limited,"Bajpe , Mangaluru, Karnataka , India","23,43,032","16,763","2,213",
Mysuru,Mysuru Airport,https://en.wikipedia.org/wiki/Mysore_Airport,MYQ,VOMY,Domestic,Yes,AAI,12.2325,76.65639,,,"Mandakalli, Mysuru , Karnataka , India","94,891","1,663",,
Shivamogga,Rashtrakavi Kuvempu Airport,https://en.wikipedia.org/wiki/Shivamogga_Airport,RQY,VOSH,Domestic,Yes,Government of Karnataka,13.85472,75.61056,Government of Karnataka,KSIIDC,"Sogane, Shimoga, Karnataka , India","39,040",984,,
Kannur,Kannur International Airport,https://en.wikipedia.org/wiki/Kannur_International_Airport,CNN,VOKN,International,Yes,KIAL,11.92,75.55,,,"Mattanur , Kannur district , Kerala , India","1,344,021","11,555","4,151",
Kasaragod,Bekal Airport,https://en.wikipedia.org/wiki/Bekal_Airport,,,Domestic,No,AAI,12.42502583,75.04735333,Airports Authority of India,Airports Authority of India,"Bekal , Kerala , India",,,,
Kochi/Thrissur,Cochin International Airport,https://en.wikipedia.org/wiki/Cochin_International_Airport,COK,VOCI,International,Yes,CIAL,10.1533333,76.3881639,,,"Nedumbassery , Kochi, Kerala , India","11,140,778","72,091","61,999",
Kozhikode/Malappuram,Kozhikode International Airport,https://en.wikipedia.org/wiki/Kozhikode_International_Airport,CCJ,VOCL,International,Yes,AAI,11.13611,75.955,,,"Karipur , Kondotty , Malappuram district , Kerala , India","3,695,944","26,381","21,246",
Thiruvananthapuram/Kollam,Thiruvananthapuram International Airport,https://en.wikipedia.org/wiki/Thiruvananthapuram_International_Airport,TRV,VOTV,International,Yes,Adani Group,8.48,76.92,Airports Authority of India,TRV (Kerala) International Airport Limited,"Thiruvananthapuram , Kerala India","4,891,009","31,798","23,033",
Bhopal,Raja Bhoj Airport,https://en.wikipedia.org/wiki/Raja_Bhoj_Airport,BHO,VABP,Customs,Yes,AAI,23.2875,77.3375,Airports Authority of India,Airports Authority of India,"Gandhi Nagar, Bhopal, Madhya Pradesh , India","1,603,251","15,147","2,409",
Gwalior,Rajmata Vijaya Raje Scindia Airport,https://en.wikipedia.org/wiki/Rajmata_Vijaya_Raje_Scindia_Airport,GWL,VIGR,Domestic (CE),Yes,MoDandAAI,26.29333,78.22778,,,"Maharajpura, Gwalior, Madhya Pradesh, India","334,729","3,200",,
Datia,Datia Airport,https://en.wikipedia.org/wiki/Datia_Airport,DPP,,Domestic,Yes,AAI,25.649972,78.503167,,,"Datia, Madhya Pradesh",,,,
Indore,Devi Ahilyabai Holkar International Airport,https://en.wikipedia.org/wiki/Devi_Ahilyabai_Holkar_International_Airport,IDR,VAID,International,Yes,AAI,22.72167,75.80083,Airports Authority of India,Airports Authority of India,"Bijasan, Indore, Madhya Pradesh , India","37,59,411","32,976","10,1429",
Jabalpur,Jabalpur Airport,https://en.wikipedia.org/wiki/Jabalpur_Airport,JLR,VAJB,Domestic,Yes,AAI,23.18472,80.05875,Airports Authority of India,Airports Authority of India,"Dumna, Jabalpur, Madhya Pradesh , India","392,869","5,000",,
Khajuraho,Khajuraho Airport,https://en.wikipedia.org/wiki/Khajuraho_Airport,HJR,VAKJ,Domestic,Yes,AAI,24.81722,79.91861,,Airports Authority of India,"Khajuraho, Madhya Pradesh , India","67,711","1,836",,
Rewa,Rewa Airport,https://en.wikipedia.org/wiki/Rewa_Airport,REW,VA1G,Domestic,Yes,AAI,24.50333,81.22028,Airports Authority of India,,"Chorhata, Rewa, Madhya Pradesh , India","1,877",648,,
Khandwa,Khandwa Airport,https://en.wikipedia.org/wiki/Khandwa_Airport,,VAKD,Domestic,No,AAI,21.85722,76.33583,,Airport Authority of India,"Khandwa , Madhya Pradesh , India",,,,
Sagar,Dhana Airport,https://en.wikipedia.org/wiki/Dhana_Airport,,CAA,Domestic,No,Government of Madhya Pradesh,23.754,78.8557,,Chimes Aviation Private Limited (on lease),"Dhana, Sagar , Madhya Pradesh , India",,,,
Nagda,Birlagram Airport,https://en.wikipedia.org/w/index.php?title=Birlagram_Airport&action=edit&redlink=1,,VA1C,State/Private,Yes,Grasim Industries,,,,,,,,,404 Client Error: Not Found for url: https://en.wikipedia.org/wiki/Birlagram_Airport
Panna,Panna Airport,https://en.wikipedia.org/wiki/Panna_Airport,,,Domestic,No,AAI,24.718,80.1818,,Airports Authority of India,"Panna, India",,,,
Satna,Satna Airport,https://en.wikipedia.org/wiki/Satna_Airport,TNI,VEST,Domestic,Yes,AAI,24.55722,80.86333,,Airport Authority of India,"Satna , Madhya Pradesh",,,,
Akola,Akola Airport,https://en.wikipedia.org/wiki/Akola_Airport,AKD,VAAK,Domestic,No,AAI,20.69889,77.05861,Government of Maharashtra,Airports Authority of India,"Akola , Maharashtra , India",,,,
Amravati,Amravati Airport,https://en.wikipedia.org/wiki/Amravati_Airport,AVR,VAAM,Domestic,Yes,MADC,20.81333,77.71778,Government of Maharashtra,Maharashtra Airport Development Company,"Belora, Maharashtra , India",,,,
Aurangabad,Aurangabad Airport,https://en.wikipedia.org/wiki/Aurangabad_Airport,IXU,VAAU,Customs,Yes,AAI,19.86278,75.39806,,Airports Authority of India,"Chikalthana, Aurangabad, Maharashtra , India","700,402","6,748",914,
Baramati,Baramati Airport,https://en.wikipedia.org/wiki/Baramati_Airport,,IN-0024,State/Private,No,Government of Maharashtra,18.22861,74.58444,M.I.D.C.,M.I.D.C.,"Gojubavi , Baramati , Pune district , Maharashtra , India",,,,
Gondia,Gondia Airport,https://en.wikipedia.org/wiki/Gondia_Airport,GDB,VAGD,Domestic,Yes,AAI,21.522,80.288,,,"Zilmili, Gondia district , Maharashtra , India","32,116",824,,
Jalgaon,Jalgaon Airport,https://en.wikipedia.org/wiki/Jalgaon_Airport,JLG,VAJL,Domestic,Yes,AAI,20.96194,75.62667,Airports Authority of India,Airports Authority of India,"Kusumbe, Jalgaon, Maharashtra , India","92,470","2,162",,
Kolhapur,Chhatrapati Rajaram Maharaj Airport,https://en.wikipedia.org/wiki/Kolhapur_Airport,KLH,VAKP,Domestic,Yes,AAI,16.66472,74.28944,Airports Authority of India,Airports Authority of India,"Ujlaiwadi, Kolhapur, Maharashtra , India","158,966","3,433",,
Latur,Latur Airport,https://en.wikipedia.org/wiki/Latur_Airport,LTU,VOLT,State/Private,No,Government of Maharashtra,18.41167,76.46417,Maharashtra Industrial Development Corporation,Reliance Infrastructure,"Latur , Marathwada , Maharashtra , India",,,,
Mumbai,Chhatrapati Shivaji Maharaj International Airport,https://en.wikipedia.org/wiki/Chhatrapati_Shivaji_Maharaj_International_Airport,BOM,VABB,International,Yes,MIAL,19.08861,72.86806,Airports Authority of India,Mumbai International Airport Limited (MIAL) Adani Enterprises (74%) Airports Authority of India (26%),"Santacruz and Sahar , Maharashtra , India","55,122,422","330,063","889,900",
Mumbai,Dinkar Balu Patil International Airport,https://en.wikipedia.org/wiki/Navi_Mumbai_International_Airport,NMI,VANM,International,Yes,Adani Group,18.99194,73.06167,City and Industrial Development Corporation (CIDCO) (26%) Mumbai International Airport Limited (MIAL) (74%),Navi Mumbai International Airport Limited (NMIAL),"Ulwe , Navi Mumbai , Raigad district , Maharashtra , India",,,,
Mumbai,Juhu Aerodrome,https://en.wikipedia.org/wiki/Juhu_Aerodrome,,VAJJ,Domestic,No,AAI,,,Airports Authority of India,Airports Authority of India,"Juhu , Mumbai , Maharashtra , India",,,,
Nagpur,Dr. Babasaheb Ambedkar International Airport,https://en.wikipedia.org/wiki/Dr._Babasaheb_Ambedkar_International_Airport,NAG,VANP,International,Yes,"GMR Group,MADC&AAI",21.09222,79.04722,Airports Authority of India,GMR Group & MIHAN India Private Limited (MIPL),"Sonegaon , Maharashtra, India","2,894,099","23,876","9,018",
Nanded,Shri Guru Gobind Singh Ji Airport,https://en.wikipedia.org/wiki/Shri_Guru_Gobind_Singh_Ji_Airport,NDC,VAND,State/Private,Yes,Government of Maharashtra,19.18194,77.31861,Maharashtra Industrial Development Corporation (MIDC),Nanded Airport Private Limited (NADL),"Nanded, Maharashtra , India",,191,,
Nashik,Nashik International Airport,https://en.wikipedia.org/wiki/Nashik_Airport,ISK,VAOZ,International,Yes,HAL,20.11944,73.91361,Hindustan Aeronautics Limited (HAL),HALCON ( HAL & CONCOR ),"Ozar , Nashik district , Maharashtra , India","242,372","3,234",464,
Osmanabad,Osmanabad Airport,https://en.wikipedia.org/wiki/Osmanabad_Airport,OMN,IN-0375,State/Private,No,Government of Maharashtra,18.27861,76.05333,Maharashtra Industrial Development Corporation,Osmanbad Airport Pvt. Ltd,"Osmanabad, Maharashtra",,,,
Pune,Pune Airport,https://en.wikipedia.org/wiki/Pune_Airport,PNQ,VAPO,International (CE),Yes,MoD&AAI,18.58222,73.91972,Indian Air Force,Airports Authority of India,"Lohegaon , Pune , Maharashtra , India","10,457,694","68,830","42,293",
Ratnagiri,Ratnagiri Airport,https://en.wikipedia.org/wiki/Ratnagiri_Airport,RTC,VARG,State/Private,No,CGAS Ratnagiri,17.01361,73.32778,,Maharashtra Industrial Development Corporation,,,,,
Shirdi,Shirdi Airport,https://en.wikipedia.org/wiki/Shirdi_Airport,SAG,VASD,International,Yes,MADC,19.68861,74.37889,Maharashtra Airport Development Company,Airports Authority of India,"Kakadi, Ahmednagar district , Maharashtra , India","741,540","6,793",95,
Solapur,Solapur Airport,https://en.wikipedia.org/wiki/Solapur_Airport,SSE,VASL,Domestic,Yes,AAI,17.625,75.93611,Government of India,Airports Authority of India,"Solapur, Maharashtra",,,,
Sindhudurg,Sindhudurg Airport,https://en.wikipedia.org/wiki/Sindhudurg_Airport,SDW,VOSR,State/Private,Yes,Government of Maharashtra,16.0,73.53333,,,"Chipi-Parule, Vengurla taluka , Sindhudurg district , Maharashtra , India","17,618",397,,
Yavatmal,Sant Gadge Baba Yavatmal Airport,https://en.wikipedia.org/wiki/Sant_Gadge_Baba_Yavatmal_Airport,YTL,VA78,State/Private,No,Government of Maharashtra,20.39639,78.20833,Maharashtra Industrial Development Corporation,MIDC,Yavatmal,,,,
Imphal,Bir Tikendrajit International Airport,https://en.wikipedia.org/wiki/Bir_Tikendrajit_International_Airport,IMF,VEIM,International,Yes,AAI,24.76,93.89667,Government of Manipur,Airports Authority of India,"Tulihal, Imphal, Manipur , India","1,406,227","12,385","6,199",
Shillong,Shillong Airport,https://en.wikipedia.org/wiki/Shillong_Airport,SHL,VEBI,Domestic,Yes,AAI,25.70361,91.97861,,Airports Authority of India,"Umroi , Shillong, Meghalaya , India",,,,
Shella,Shella Airport,https://en.wikipedia.org/wiki/Shella_Airport,,,Domestic,No,AAI,25.57,91.87,,Airports Authority of India,,,,,
Aizawl,Turial Airport,https://en.wikipedia.org/w/index.php?title=Turial_Airport&action=edit&redlink=1,,VEAZ,Domestic,No,AAI,,,,,,,,,404 Client Error: Not Found for url: https://en.wikipedia.org/wiki/Turial_Airport
Aizawl,Lengpui Airport,https://en.wikipedia.org/wiki/Lengpui_Airport,AJL,VELP,State/Private,Yes,Government of Mizoram,23.8384417,92.6203583,Government of Mizoram,Airports Authority of India,"Lengpui , Mamit district , Mizoram , India","493,465","4,692","1,309",
Dimapur,Dimapur Airport,https://en.wikipedia.org/wiki/Dimapur_Airport,DMU,VEMR,Domestic,Yes,AAI,25.88389,93.77111,,Airports Authority of India,"3rd Mile, Diphupar, Chümoukedima District , Nagaland , India",,,,
Angul,Savitri Jindal Airport,https://en.wikipedia.org/wiki/Savitri_Jindal_Airport,,VEAL,State/Private,Yes,JSPL,20.91056,85.03528,Jindal Steel and Power,,"Angul , Angul district , Odisha",,,,
Balangir,Tusura Airstrip,https://en.wikipedia.org/wiki/Tusura_Airstrip,,VETS,State/Private,No,Government of Odisha,20.51139,83.44722,Government of Odisha,,"Tusura, Balangir district , Odisha",,,,
Barbil,Barbil Tonto Airstrip,https://en.wikipedia.org/wiki/Barbil_Tonto_Airstrip,,VEBL,State/Private,No,Government of OdishaandJSPL,22.06139,85.37333,Government of Odisha,Jindal Steel and Power,"Barbil , Kendujhar district , Odisha",,,,
Berhampur,Berhampur Airport,https://en.wikipedia.org/wiki/Berhampur_Airport,QBM,VEBM,Domestic,Yes,Government of Odisha,19.2975,84.87694,Public Works Department of Odisha,Airports Authority of India,"Rangeilunda, Berhampur, Odisha , India",,,,
Bhubaneswar,Biju Patnaik International Airport,https://en.wikipedia.org/wiki/Biju_Patnaik_Airport,BBI,VEBS,International,Yes,AAI,20.24444,85.81778,,,"Bhubaneswar , Odisha , India","4,838,751","37,205","9,086",
Dhamra,Dhamra Airport,https://en.wikipedia.org/wiki/Dhamra_Airport,,,Domestic,No,Dhamra Port,20.82333,86.96278,Dhamra Port Company Limited,,"Dhamra , Bhadrak district , Odisha",,,,
Dhenkanal,Birasal Airstrip,https://en.wikipedia.org/wiki/Birasal_Airstrip,,,State/Private,Yes,Government of Odisha,20.9835139,85.6790222,Government of Odisha,,"Dhenkanal , Odisha , India",,,,
Jeypore,Jeypore Airport,https://en.wikipedia.org/wiki/Jeypore_Airport,PYB,VEJP,Domestic,Yes,AAI,18.8802,82.5523,Public Works Department,Airports Authority of India,"Jeypore, Koraput district , Odisha , India","4,584","1,382",,
Jharsuguda,Veer Surendra Sai Airport,https://en.wikipedia.org/wiki/Veer_Surendra_Sai_Airport,JRG,VEJH,Domestic,Yes,AAI,21.91333,84.05028,Airports Authority of India,,"Durlaga, Jharsuguda, Odisha , India","313,381","3,173",,
Lanjigarh,Lanjigarh Airstrip,https://en.wikipedia.org/wiki/Lanjigarh_Airstrip,,,State/Private,Yes,Vedanta Resources,19.71944,83.39361,Vedanta Resources,,"Lanjigarh , Kalahandi district , Odisha",,,,
Phulbani,Gudari Airstrip,https://en.wikipedia.org/wiki/Gudari_Airstrip,,VEPN,State/Private,No,Government of Odisha,20.46444,84.26528,Government of Odisha,,"Phulbani , Kandhamal , Odisha",,,,
Puri,Puri International Airport,https://en.wikipedia.org/wiki/Puri_International_Airport,,,International,No,AAI,19.79444,85.75111,"Commerce and Transport Department, Government of Odisha",Airport Authority of India,"Sipasarubali and Sandhapur, Puri District , Odisha",,,,
Rairangpur,Dandbose Airport,https://en.wikipedia.org/wiki/Rairangpur_Airstrip,,,Domestic,No,Government of Odisha,22.305,86.13528,Government of Odisha,Airport Authority of India,"Rairangpur , Odisha , India",,,,
Rourkela,Rourkela Airport,https://en.wikipedia.org/wiki/Rourkela_Airport,RRK,VERK,Domestic,Yes,AAIandSAIL,22.25639,84.81444,Rourkela Steel Plant,Airports Authority of India,"Chhend Colony , Rourkela, Odisha , India","26,750",809,,
Utkela,Utkela Airport,https://en.wikipedia.org/wiki/Utkela_Airport,UKE,VEUK,Domestic,Yes,Government of Odisha,20.09778,83.18333,Government of Odisha,Airports Authority of India,"Utkela, Kalahandi district , Odisha , India","1,155",208,,
Amritsar,Beas Airport,https://en.wikipedia.org/wiki/Beas_Airport,,VIBS,State/Private,Yes,Beas Spectruin Aero,31.56056,75.34111,Radha Soami Satsang Beas,,Beas,,,,
Amritsar,Sri Guru Ram Dass Jee International Airport,https://en.wikipedia.org/wiki/Sri_Guru_Ram_Dass_Jee_International_Airport,ATQ,VIAR,International,Yes,AAI,31.70778,74.79917,,Airports Authority of India,"Raja Sansi , Amritsar, Punjab , India","3,542,880","23,071","3,362",
Bathinda,Bathinda Airport,https://en.wikipedia.org/wiki/Bathinda_Airport,BUP,VIBT,Domestic (CE),Yes,MoDandAAI,30.27,74.75556,Indian Air Force,Airports Authority of India,"Bhisiana , Bathinda district , Punjab , India","31,004","1,331",,
Jalandhar,Adampur Airport,https://en.wikipedia.org/wiki/Adampur_Airport,AIP,VIAX,Domestic (CE),Yes,MoDandAAI,31.43306,75.76056,Ministry of Civil Aviation,"Airports Authority of India , Indian Air Force","Adampur , Jalandhar district , Punjab , India","35,220",772,,
Ludhiana,Ludhiana Airport,https://en.wikipedia.org/wiki/Ludhiana_Airport,LUH,VILD,Domestic,Yes,Government of PunjabandAAI,30.85472,75.9525,Government of Punjab,Airports Authority of India,"Sahnewal , Ludhiana district , Punjab , India","2,003",404,,
Ludhiana,Shaheed Kartar Singh Sarabha International Airport,https://en.wikipedia.org/wiki/Ludhiana_Halwara_International_Airport,HWR,VIHX,International (CE),No,MoDandAAI,30.74778,75.63083,Airports Authority of India,,"Halwara , Punjab , India",,,,
Mohali,Shaheed Bhagat Singh International Airport,https://en.wikipedia.org/wiki/Shaheed_Bhagat_Singh_International_Airport,IXC,VICG,International (CE),Yes,CHIAL,30.67472,76.79056,Airports Authority of India,Chandigarh International Airport Limited (CHIAL) Airports Authority of India (51%) Haryana Shahari Vikas Pradhikaran (24.5%) Greater Mohali Area Development Authority (24.5%),"Chandigarh, Punjab , India","4,149,840","28,331","14,138",
Pathankot,Pathankot Airport,https://en.wikipedia.org/wiki/Pathankot_Airport,IXP,VIPK,Domestic (CE),No,MoDandAAI,32.23361,75.63444,Government of India,Airports Authority of India,"Pathankot , Punjab , India",,,,
Ajmer,Kishangarh Airport,https://en.wikipedia.org/wiki/Kishangarh_Airport,KQH,VIKG,Domestic,Yes,AAI,26.60139,74.81417,,,"Kishangarh, Rajasthan , India","86,361","2,234",,
Banasthali,Banasthali Airstrip,https://en.wikipedia.org/w/index.php?title=Banasthali_Airstrip&action=edit&redlink=1,,,State/Private,No,Banasthali Vidyapith,,,,,,,,,404 Client Error: Not Found for url: https://en.wikipedia.org/wiki/Banasthali_Airstrip
Bikaner,Bikaner Airport,https://en.wikipedia.org/wiki/Bikaner_Airport,BKB,VIBK,Domestic (CE),Yes,MoDandAAI,28.07056,73.20694,,Indian Air Force,"Nal, Bikaner, Rajasthan , India","13,714",430,,
Jaipur,Jaipur International Airport,https://en.wikipedia.org/wiki/Jaipur_International_Airport,JAI,VIJP,International,Yes,Adani Group,26.82417,75.81222,Airports Authority of India,Jaipur International Airport Limited,"Sanganer , Jaipur, Rajasthan , India","6,057,249",,"21,761",
Jaisalmer,Jaisalmer Airport,https://en.wikipedia.org/wiki/Jaisalmer_Airport,JSA,VIJR,Domestic (CE),Yes,MoDandAAI,26.88028,70.855,Airports Authority of India,Airports Authority of India,"Jaisalmer, Rajasthan , India","120,714","1,018",,
Jodhpur,Jodhpur Airport,https://en.wikipedia.org/wiki/Jodhpur_Airport,JDH,VIJO,Domestic (CE),Yes,MoDandAAI,26.25722,73.05167,,Airports Authority of India,"Jodhpur, Rajasthan , India","1,041,817","8,171",135,
Kankroli,Kankroli Airstrip,https://en.wikipedia.org/w/index.php?title=Kankroli_Airstrip&action=edit&redlink=1,,,State/Private,No,Government of Rajasthan,,,,,,,,,404 Client Error: Not Found for url: https://en.wikipedia.org/wiki/Kankroli_Airstrip
Kota,Kota Airport,https://en.wikipedia.org/wiki/Kota_Airport,KTU,VIKO,Domestic,No,AAI,25.1601083,75.8456306,,Airports Authority of India,"Kota, India",,,,
Udaipur,Maharana Pratap Airport,https://en.wikipedia.org/wiki/Maharana_Pratap_Airport,UDR,VAUD,Domestic,Yes,AAI,24.617556,73.89444,,Airports Authority of India,"Dabok, Udaipur district , Rajasthan , India","1,650,607","13,821",344,
Gangtok,Pakyong Airport,https://en.wikipedia.org/wiki/Pakyong_Airport,PYG,VEPY,Domestic,Yes,AAI,27.2325,88.58833,Government of India,Airports Authority of India,"Pakyong , Pakyong district , Sikkim , India","11,111",188,,
Chennai,Chennai International Airport,https://en.wikipedia.org/wiki/Chennai_International_Airport,MAA,VOMM,International,Yes,AAI,12.98222,80.16361,Ministry of Civil Aviation,Airports Authority of India,"Tirusulam , Chennai , Tamil Nadu , India","22,411,290","156,126","379,154",
Chennai,Chennai Parandur Airport,https://en.wikipedia.org/wiki/Chennai_Parandur_Airport,,,International,No,TIDCO,12.93333,79.74028,,,"Parandur , Kanchipuram district , Tamil Nadu , India",,,,
Coimbatore,Coimbatore International Airport,https://en.wikipedia.org/wiki/Coimbatore_International_Airport,CJB,VOCB,International,Yes,AAI,11.02667,77.04167,Ministry of Civil Aviation,Airports Authority of India,"Peelamedu , Coimbatore , Tamil Nadu , India","3,253,190","21,833","12,139",
Hosur,Hosur Aerodrome,https://en.wikipedia.org/wiki/Hosur_Aerodrome,,VO95,State/Private,No,TAAL,12.66111,77.76694,Taneja,Taneja Aerospace and Aviation,Near Hosur,,,,
Madurai,Madurai Airport,https://en.wikipedia.org/wiki/Madurai_Airport,IXM,VOMD,Custom,Yes,AAI,9.83361,78.08944,Ministry of Civil Aviation,Airports Authority of India,"Madurai, Tamil Nadu , India","1,399,046","13,513","3,494",
Neyveli,Neyveli Airport,https://en.wikipedia.org/wiki/Neyveli_Airport,NVY,VONY,State/Private,No,Neyveli Lignite Corporation,11.61361,79.52639,NLC India Ltd,,NLC India Ltd,,,,
Salem,Salem Airport,https://en.wikipedia.org/wiki/Salem_Airport_(India),SXV,VOSM,Domestic,Yes,AAI,11.78194,78.06444,Ministry of Civil Aviation,Airports Authority of India,"Kamalapuram, Salem district , Tamil Nadu , India","130,132","2,504",,
Thanjavur,Thanjavur Airport,https://en.wikipedia.org/wiki/Thanjavur_Air_Force_Station,TJV,VOTJ,Domestic (CE),No,MoDandAAI,10.72222,79.10139,Indian Air Force,Southern Air Command,"Pilaiyarpatti, Thanjavur, Tamil Nadu , India",,,,
Thoothukkudi,Tuticorin Airport,https://en.wikipedia.org/wiki/Tuticorin_Airport,TCR,VOTK,Domestic,Yes,AAI,8.72417,78.02583,Ministry of Civil Aviation,Airports Authority of India,"Vagaikulam , Thoothukkudi district , Tamil Nadu , India","230,151","3,676",13,
Tiruchirappalli,Tiruchirappalli International Airport,https://en.wikipedia.org/wiki/Tiruchirappalli_International_Airport,TRZ,VOTR,International,Yes,AAI,10.76556,78.715,Ministry of Civil Aviation,Airports Authority of India,"Tiruchirappalli, Tamil Nadu , India","1,956,851","17,398","6,476",
Vellore,Vellore Airport,https://en.wikipedia.org/wiki/Vellore_Airport,,VOVR,Domestic,No,AAI,12.90861,79.06667,Ministry of Civil Aviation,Airports Authority of India,"poigoi, Vellore , Tamil Nadu",,,,
Hyderabad,Begumpet Airport,https://en.wikipedia.org/wiki/Begumpet_Airport,BPM,VOHY,Domestic,Yes,Government of Telangana,17.45306,78.4675,,,"Begumpet , Telangana , India",,,,
Hyderabad,Rajiv Gandhi International Airport,https://en.wikipedia.org/wiki/Rajiv_Gandhi_International_Airport,HYD,VOHS,International,Yes,GMR Hyderabad International Airport Limited,17.23,78.43194,,,"Shamshabad , Hyderabad , Telangana , India","29,165,232","202,395","167,665",
Warangal,Warangal Airport,https://en.wikipedia.org/wiki/Warangal_Airport,WGC,VOWA,Domestic,No,AAI,17.91667,79.6,Airports Authority of India,Airports Authority of India,"Warangal , Telangana , India",,,,
Agartala,Maharaja Bir Bikram Airport,https://en.wikipedia.org/wiki/Maharaja_Bir_Bikram_Airport,IXA,VEAT,Customs,Yes,AAI,23.89,91.24222,,,"Singerbhil, Agartala, Tripura , India","1,410,793","9,945","5,489",
Kailashahar,Kailashahar Airport,https://en.wikipedia.org/wiki/Kailashahar_Airport,IXH,VEKR,Domestic,No,AAI,24.30806,92.00722,,Airports Authority of India,"Kailashahar , Tripura , India",,,,
Kamalpur,Kamalpur Airport,https://en.wikipedia.org/wiki/Kamalpur_Airport,IXQ,VEKN,Domestic,No,AAI,24.13167,91.81417,,Airports Authority of India,"Kamalpur, India",,,,
Khowai,Khowai Airport,https://en.wikipedia.org/wiki/Khowai_Airport,IXN,VEKW,Domestic,No,AAI,24.06167,91.60389,,Airports Authority of India,"Khowai, India",,,,
Agra,Agra Airport,https://en.wikipedia.org/wiki/Agra_Airport,AGR,VIAG,Domestic (CE),Yes,MoDandAAI,27.1618309,77.9707261,Indian Air Force,Airports Authority of India,"Kheria, Agra, Uttar Pradesh , India","168,362","1,848",54,
Amethi,Fursatganj Airfield,https://en.wikipedia.org/wiki/Fursatganj_Airfield,,VERB,Domestic,No,AAI[9],26.2516646,81.3863976,"Ministry of Civil Aviation , Government of India",Airports Authority of India,"Fursatganj, Amethi district , Uttar Pradesh , India",,,,
Aligarh,Aligarh Airport,https://en.wikipedia.org/wiki/Aligarh_Airport,HRH,VIAH,Domestic,Yes,Government of Uttar PradeshandAAI[10],27.8592,78.1487,Government of Uttar Pradesh,Airports Authority of India,"Khangarhi, Aligarh, Uttar Pradesh , India","1,239",240,,
Ayodhya,Maharishi Valmiki International Airport[11],https://en.wikipedia.org/wiki/Maharishi_Valmiki_International_Airport,AYJ,VEAY,International,Yes,AAI,26.7480337,82.1507812,Government of India,Airports Authority of India,"Usroo, Ayodhya, Uttar Pradesh , India","1,115,016","1,694",,
Azamgarh,Azamgarh Airport,https://en.wikipedia.org/wiki/Azamgarh_Airport,,VEAH,Domestic,Yes,Government of Uttar PradeshandAAI[10],26.15333,83.11833,Government of Uttar Pradesh,Government of Uttar Pradesh,"Manduri, Azamgarh",,,,
Bareilly,Bareilly Airport,https://en.wikipedia.org/wiki/Bareilly_Airport,BEK,VIBY,Domestic (CE),Yes,MoDandAAI,28.42222,79.45083,Indian Air Force,Airports Authority of India,"Izzatnagar, Bareilly, Uttar Pradesh , India","121,746",828,,
Chitrakoot,Chitrakoot Airport,https://en.wikipedia.org/wiki/Chitrakoot_Airport,,VECT,Domestic,Yes,Government of Uttar PradeshandAAI[10],25.167694,80.9358,Government of Uttar Pradesh,Airports Authority of India,"Dewanga, Chitrakoot district , Uttar Pradesh , India",,,,
Ghaziabad,Hindon Airport,https://en.wikipedia.org/wiki/Hindon_Airport,HDO,VIDX,Domestic (CE),Yes,MoDandAAI,28.7057898,77.3421373,Indian Air Force,Airports Authority of India,"Ghaziabad , Uttar Pradesh , India","83,964","3,080",,
Gorakhpur,Gorakhpur Airport,https://en.wikipedia.org/wiki/Gorakhpur_Airport,GOP,VEGK,Domestic (CE),Yes,MoDandAAI,26.73944,83.44944,Indian Air Force,Airports Authority of India,"Gorakhpur , Uttar Pradesh , India","867,994","5,650",,
Kanpur,Kanpur Airport,https://en.wikipedia.org/wiki/Kanpur_Airport,KNU,VIKA,Domestic (CE),Yes,MoDandAAI,26.3994624,80.4269499,Airports Authority of India,Airports Authority of India,"Chakeri , Kanpur, Uttar Pradesh , India","322,252","2,210",116,
Kushinagar,Kushinagar International Airport,https://en.wikipedia.org/wiki/Kushinagar_International_Airport,KBK,VEKI,International,Yes,AAI,26.77,83.90806,Ministry of Civil Aviation,Airports Authority of India,"Kushinagar, Uttar Pradesh , India",,,,
Lucknow,Chaudhary Charan Singh International Airport,https://en.wikipedia.org/wiki/Chaudhary_Charan_Singh_International_Airport,LKO,VILK,International,Yes,Adani Group,26.76056,80.89028,Airport Authority of India,Lucknow International Airport Limited,"Amausi, Lucknow , Uttar Pradesh , India","6,438,506","49,662","22,102",
Meerut,Dr. Bhimrao Ambedkar Airstrip,https://en.wikipedia.org/wiki/Dr._Bhimrao_Ambedkar_Airstrip,,VI2B,State/Private,No,AAI,28.905,77.67694,Airports Authority of India,,"Meerut , Uttar Pradesh , India",,,,
Moradabad,Moradabad Airport,https://en.wikipedia.org/wiki/Moradabad_Airport,,,Domestic,Yes,AAI,28.81944,78.92333,Government of India,Airports Authority of India,"Moradabad, Uttar Pradesh , India",572,82,,
Noida,Noida International Airport,https://en.wikipedia.org/wiki/Noida_International_Airport,DXN,VIND,International,No,YIAPL,28.17,77.61,Noida International Airport Limited (NIAL),Yamuna International Airport Private Limited (YIAPL) (an SPE of Zurich Airport AG ),"Jewar , Gautam Buddha Nagar district , Uttar Pradesh, India",,,,
Prayagraj,Prayagraj Airport,https://en.wikipedia.org/wiki/Allahabad_Airport,IXD,VEAB,Domestic (CE),Yes,MoDandAAI,25.44,81.73389,Indian Air Force,Airports Authority of India,"Bamrauli, Prayagraj, Uttar Pradesh , India","1,077,393","9,665",51,
Renukoot,Muirpur Airport,https://en.wikipedia.org/wiki/Muirpur_Airport,,VU1D,State/Private,No,Government of Uttar PradeshandAAI[10],24.12583,83.04333,Government of Uttar Pradesh,Government of Uttar Pradesh,"Muirpur, Sonbhadra , Uttar Pradesh , India",,,,
Saharanpur,Sarsawa Airport,https://en.wikipedia.org/wiki/Sarsawa_Airport,SWN,VISP,Domestic (CE),Yes,MoDandAAI,29.9895554,77.4080063,Indian Air Force,Airports Authority of India,"Sarsawa , Saharanpur district , Uttar Pradesh , India",,,,
Shravasti,Shravasti Airport,https://en.wikipedia.org/wiki/Shravasti_Airport,,VISV,Domestic,Yes,Government of Uttar PradeshandAAI[10],27.50306,82.02694,Government of Uttar Pradesh,Airports Authority of India,"Shravasti , Uttar Pradesh , India",,,,
Varanasi,Lal Bahadur Shastri International Airport,https://en.wikipedia.org/wiki/Lal_Bahadur_Shastri_Airport,VNS,VEBN,International,Yes,AAI,25.45222,82.85944,Government of India,Airports Authority of India,"Babatpur , Varanasi district , Uttar Pradesh , India","4,027,810","26,687","6,033",
Dehradun,Jolly Grant Airport,https://en.wikipedia.org/wiki/Dehradun_Airport,DED,VIDN,Domestic,Yes,AAI,30.18972,78.18028,Airports Authority of India,Airports Authority of India,"Jauligrant, Dehradun district , Uttarakhand , India","1,724,978","15,417","1,959",
Pantnagar,Pantnagar Airport,https://en.wikipedia.org/wiki/Pantnagar_Airport,PGH,VIPT,Domestic,Yes,AAI,29.03222,79.47417,,Airports Authority of India,"Pantnagar, Uttarakhand , India","101,013","2,160",,
Pithoragarh,Naini-Saini Airport,https://en.wikipedia.org/wiki/Pithoragarh_Airport,NNS,VIDF,Domestic,Yes,Government of Uttarakhand,29.5924583,80.241775,Government of Uttarakhand,Airports Authority of India,"Naini-Saini, Pithoragarh, Uttarakhand , India","16,263",2479,,
Asansol,Burnpur Airport,https://en.wikipedia.org/wiki/Burnpur_Airport,,VEBB,State/Private,Yes,Steel Authority of India,23.63139,86.97528,IISCO Steel Plant of Steel Authority of India,Airports Authority of India,"Burnpur , Asansol , West Bengal , India",,,,
Balurghat,Balurghat Airport,https://en.wikipedia.org/wiki/Balurghat_Airport,RGH,VEBG,Domestic,No,AAI,25.26167,88.79556,Airports Authority of India,Airports Authority of India,"Balurghat , West Bengal , India",,,,
Cooch Behar,Cooch Behar Airport,https://en.wikipedia.org/wiki/Cooch_Behar_Airport,COH,VECO,Domestic,Yes,AAI,26.33111,89.46833,Airports Authority of India,Airports Authority of India,"Cooch Behar, West Bengal , India","5,478",664,,
Durgapur,Kazi Nazrul Islam Airport,https://en.wikipedia.org/wiki/Kazi_Nazrul_Islam_Airport,RDP,VEDG,Domestic,Yes,Government of West Bengal&AAI,23.62139,87.24333,Bengal Aerotropolis Projects Limited (BAPL) Government of West Bengal Changi Airport Group,Airports Authority of India,"Andal , Durgapur , West Bengal , India","5,13,488","3,996",491,
Kolkata,Behala Airport,https://en.wikipedia.org/wiki/Behala_Airport,,VEBA,Domestic,Yes,AAI,22.505306,88.296639,,Airports Authority of India,"Parnasree , Behala , Kolkata , India",,,,
Kolkata,Netaji Subhas Chandra Bose International Airport,https://en.wikipedia.org/wiki/Netaji_Subhas_Chandra_Bose_International_Airport,CCU,VECC,International,Yes,AAI,22.65472,88.44667,,,"Dum Dum , Kolkata , West Bengal , India","21,831,118","148,888","165,617",
Malda,Malda Airport,https://en.wikipedia.org/wiki/Malda_Airport,LDA,VEMH,Domestic,No,AAI,25.011,88.127,,Airports Authority of India,"English Bazar , India",,,,
Siliguri,Bagdogra International Airport,https://en.wikipedia.org/wiki/Bagdogra_International_Airport,IXB,VEBD,Customs,Yes,MoD&AAI,26.68111,88.32861,Indian Air Force,Airports Authority of India,"Bagdogra , Siliguri, West Bengal , India","3,219,410","22,390","8,952",
Port Blair,Veer Savarkar International Airport,https://en.wikipedia.org/wiki/Veer_Savarkar_International_Airport,IXZ,VOPB,International (CE),Yes,MoDandAAI,11.64111,92.72972,,Airports Authority of India,"Sri Vijaya Puram, South Andaman Island , Andaman and Nicobar Islands, India","1,656,704","12,526","7,905",
Great Nicobar,Chingan Airfield,https://en.wikipedia.org/wiki/List_of_airports_in_Andaman_and_Nicobar_Islands#Future,,,Domestic (CE),No,AAI; proposed,,,,,,,,,no airport infobox
Chandigarh,Shaheed Bhagat Singh International Airport,https://en.wikipedia.org/wiki/Shaheed_Bhagat_Singh_International_Airport,IXC,VICG,Customs,Yes,CHIAL,30.67472,76.79056,Airports Authority of India,Chandigarh International Airport Limited (CHIAL) Airports Authority of India (51%) Haryana Shahari Vikas Pradhikaran (24.5%) Greater Mohali Area Development Authority (24.5%),"Chandigarh, Punjab , India","4,149,840","28,331","14,138",
Diu,Diu Airport,https://en.wikipedia.org/wiki/Diu_Airport,DIU,VADU,Domestic,Yes,AAI,20.713,70.925,,Airports Authority of India,"Diu, Dadra and Nagar Haveli and Daman and Diu , India","104,218","2,580",,
Daman,Daman Airport,https://en.wikipedia.org/wiki/Daman_Airport,NMB,VADN,Domestic,No,Indian Coast Guard,20.43444,72.84333,,Indian Coast Guard,"Daman, India",,,,
Delhi NCR,"Indira Gandhi International Airport,New Delhi",https://en.wikipedia.org/wiki/Indira_Gandhi_International_Airport,DEL,VIDP,International,Yes,DIAL,28.56861,77.11222,Airports Authority of India,Delhi International Airport Limited (DIAL) GMR Group (74%) Airports Authority of India (26%),"Palam , Delhi , India","79,259,890","468,822","1,109,519",
Delhi NCR,"Safdarjung Airport,New Delhi",https://en.wikipedia.org/wiki/Safdarjung_Airport,,VIDD,State / Private,Yes,AAI,28.58444,77.20583,India,Airports Authority of India,"Aurobindo Marg , New Delhi",,,,
Delhi NCR,"Hindon Airport, Ghaziabad",https://en.wikipedia.org/wiki/Hindon_Airport,HDO,VIDX,Domestic (CE),Yes,MoDandAAI,28.7057898,77.3421373,Indian Air Force,Airports Authority of India,"Ghaziabad , Uttar Pradesh , India","83,964","3,080",,
Delhi NCR,"Jewar International Airport, Noida",https://en.wikipedia.org/wiki/Noida_International_Airport,DXN,VIND,International,No,YIAPL,28.17,77.61,Noida International Airport Limited (NIAL),Yamuna International Airport Private Limited (YIAPL) (an SPE of Zurich Airport AG ),"Jewar , Gautam Buddha Nagar district , Uttar Pradesh, India",,,,
Jammu,Jammu Airport,https://en.wikipedia.org/wiki/Jammu_Airport,IXJ,VIJU,Domestic (CE),Yes,MoDandAAI,32.68917,74.8375,Indian Air Force,Airports Authority of India,"Jammu, Jammu and Kashmir , India","1,614,167","13,520","1,054",
Srinagar,Srinagar Airport,https://en.wikipedia.org/wiki/Srinagar_Airport,SXR,VISR,Domestic (CE),Yes,MoDandAAI,33.987139,74.77425,Indian Air Force,Airports Authority of India,"Budgam , Jammu and Kashmir , India","4,472,449","28,494","9,891",
Leh,Kushok Bakula Rimpochee Airport,https://en.wikipedia.org/wiki/Kushok_Bakula_Rimpochee_Airport,IXL,VILH,Domestic (CE),Yes,MoDandAAI,34.13583,77.54528,Indian Air Force,Airports Authority of India,"Leh, Ladakh , India","1,194,892","8,686","1,910",
Agatti Island,Agatti Airport,https://en.wikipedia.org/wiki/Agatti_Airport,AGX,VOAT,Domestic,Yes,AAI,10.82806,72.17889,,Airports Authority of India,"Agatti Island , Lakshadweep, India","117,409","3,782",,
Puducherry,Pondicherry Airport,https://en.wikipedia.org/wiki/Puducherry_Airport,PNY,VOPC,Domestic,Yes,AAI,11.96667,79.81444,Airports Authority of India,Airports Authority of India,"Lawspet , Puducherry, India","34,190","1,216",,
